{"cameraMode":{"drawMode":0,"name":"Shaded","section":"Shading Mode"},"sceneLighting":false,"audioPlay":false,"sceneViewState":{"m_AlwaysRefresh":false,"showFog":true,"showSkybox":false,"showFlares":true,"showImageEffects":true,"showParticleSystems":true,"showVisualEffectGraphs":true,"m_FxEnabled":true},"in2DMode":false,"pivot":{"x":-0.001440286636352539,"y":0.9572473764419556,"z":0.020795896649360658},"rotation":{"x":0.008327868767082692,"y":-0.9914626479148865,"z":0.08108779042959213,"w":0.10231553018093109},"size":1.2991245985031129,"orthographic":false}