{"cameraMode":{"drawMode":0,"name":"Shaded","section":"Shading Mode"},"sceneLighting":false,"audioPlay":false,"sceneViewState":{"m_AlwaysRefresh":false,"showFog":true,"showSkybox":false,"showFlares":true,"showImageEffects":true,"showParticleSystems":true,"showVisualEffectGraphs":true,"m_FxEnabled":true},"in2DMode":false,"pivot":{"x":-0.11467738449573517,"y":1.2910947799682618,"z":-0.3058403730392456},"rotation":{"x":0.0626421719789505,"y":-0.8779499530792236,"z":0.4594164192676544,"w":0.1197076067328453},"size":0.19592005014419557,"orthographic":false}