{"cameraMode":{"drawMode":0,"name":"Shaded","section":"Shading Mode"},"sceneLighting":false,"audioPlay":false,"sceneViewState":{"m_AlwaysRefresh":false,"showFog":true,"showSkybox":false,"showFlares":true,"showImageEffects":true,"showParticleSystems":true,"showVisualEffectGraphs":true,"m_FxEnabled":true},"in2DMode":false,"pivot":{"x":26.020523071289064,"y":0.023948192596435548,"z":22.635927200317384},"rotation":{"x":-0.06680618971586228,"y":0.9224842190742493,"z":-0.34085771441459658,"w":-0.17037175595760346},"size":2.9236533641815187,"orthographic":false}