{"cameraMode":{"drawMode":0,"name":"Shaded","section":"Shading Mode"},"sceneLighting":false,"audioPlay":false,"sceneViewState":{"m_AlwaysRefresh":false,"showFog":true,"showSkybox":false,"showFlares":true,"showImageEffects":true,"showParticleSystems":true,"showVisualEffectGraphs":true,"m_FxEnabled":true},"in2DMode":false,"pivot":{"x":-0.10320501029491425,"y":1.2508797645568848,"z":0.0349118709564209},"rotation":{"x":-0.015053723007440567,"y":-0.9830570816993713,"z":-0.09406343847513199,"w":0.15695714950561524},"size":0.4843379259109497,"orthographic":false}