{"cameraMode":{"drawMode":0,"name":"Shaded","section":"Shading Mode"},"sceneLighting":false,"audioPlay":false,"sceneViewState":{"m_AlwaysRefresh":false,"showFog":true,"showSkybox":false,"showFlares":true,"showImageEffects":true,"showParticleSystems":true,"showVisualEffectGraphs":true,"m_FxEnabled":true},"in2DMode":false,"pivot":{"x":7.450580596923828e-9,"y":0.10918375849723816,"z":0.0038774488493800165},"rotation":{"x":0.2056301385164261,"y":0.37374183535575869,"z":-0.0882919430732727,"w":0.9005157351493836},"size":0.1214803159236908,"orthographic":false}