{"cameraMode":{"drawMode":0,"name":"Shaded","section":"Shading Mode"},"sceneLighting":false,"audioPlay":false,"sceneViewState":{"m_AlwaysRefresh":false,"showFog":true,"showSkybox":false,"showFlares":true,"showImageEffects":true,"showParticleSystems":true,"showVisualEffectGraphs":true,"m_FxEnabled":true},"in2DMode":false,"pivot":{"x":1.1036880016326905,"y":1.6089999675750733,"z":-2.264230489730835},"rotation":{"x":-0.01939190924167633,"y":0.9829310178756714,"z":-0.13835763931274415,"w":-0.12278814613819123},"size":1.8912688493728638,"orthographic":false}