{"cameraMode":{"drawMode":0,"name":"Shaded","section":"Shading Mode"},"sceneLighting":false,"audioPlay":false,"sceneViewState":{"m_AlwaysRefresh":false,"showFog":true,"showSkybox":false,"showFlares":true,"showImageEffects":true,"showParticleSystems":true,"showVisualEffectGraphs":true,"m_FxEnabled":true},"in2DMode":false,"pivot":{"x":55.50039291381836,"y":0.49455955624580386,"z":51.88800048828125},"rotation":{"x":-0.020725203678011895,"y":-0.9805707335472107,"z":0.15465626120567323,"w":-0.12264208495616913},"size":0.7214851379394531,"orthographic":false}